{"accuracy": [0.8934944272041321, 0.9298322796821594, 0.9323979616165161, 0.9346628785133362, 0.9363519549369812, 0.9381369948387146, 0.938220202922821, 0.93956059217453], "loss": [0.26188215613365173, 0.13734106719493866, 0.12405193597078323, 0.11597540229558945, 0.10998599231243134, 0.10615130513906479, 0.10238184034824371, 0.09969142824411392], "val_accuracy": [0.9298457503318787, 0.9195193648338318, 0.9314100742340088, 0.9321202635765076, 0.931573212146759, 0.9318707585334778, 0.9315060377120972, 0.9315060377120972], "val_loss": [0.12754543125629425, 0.3261687457561493, 0.12057223170995712, 0.12584586441516876, 0.13502009212970734, 0.13104481995105743, 0.13959121704101562, 0.14869552850723267]}